<?xml version="1.0" encoding="utf-8" standalone="yes"?>
<rss version="2.0" xmlns:atom="http://www.w3.org/2005/Atom">
  <channel>
    <title>creativecoding on Cristian Rohr</title>
    <link>http://cristianrohr.xyz/tags/creativecoding/</link>
    <description>Recent content in creativecoding on Cristian Rohr</description>
    <generator>Hugo -- gohugo.io</generator>
    <language>en</language>
    <lastBuildDate>Tue, 14 Jun 2022 22:00:00 +0000</lastBuildDate><atom:link href="http://cristianrohr.xyz/tags/creativecoding/index.xml" rel="self" type="application/rss+xml" />
    <item>
      <title>First</title>
      <link>http://cristianrohr.xyz/posts/test/</link>
      <pubDate>Tue, 14 Jun 2022 22:00:00 +0000</pubDate>
      
      <guid>http://cristianrohr.xyz/posts/test/</guid>
      <description>Page under construction </description>
    </item>
    
  </channel>
</rss>
